1,eryka@mail.utoronto.ca
1,josh@mail.utoronto.ca
1,grace@mail.utoronto.ca
2,tawfiq@mail.utoronto.ca
2,jimbo@mail.utoronto.ca
2,evelyn@mail.utoronto.ca
2,christian@mail.utoronto.ca
3,grace@mail.utoronto.ca
3,evelyn@mail.utoronto.ca
3,ella@mail.utoronto.ca
4,jason@mail.utoronto.ca
4,jimbo@mail.utoronto.ca
4,tawfiq@mail.utoronto.ca
4,cameron@mail.utoronto.ca
4,zach@mail.utoronto.ca
4,honda@mail.utoronto.ca
5,josh@mail.utoronto.ca
5,justin@mail.utoronto.ca
5,ari@mail.utoronto.ca
5,max@mail.utoronto.ca
6,zach@mail.utoronto.ca
6,jimbo@mail.utoronto.ca
6,tawfiq@mail.utoronto.ca
6,jason@mail.utoronto.ca
6,evelyn@mail.utoronto.ca
6,honda@mail.utoronto.ca
6,akshay@mail.utoronto.ca
7,zach@mail.utoronto.ca
7,jimbo@mail.utoronto.ca
7,tawfiq@mail.utoronto.ca
7,jason@mail.utoronto.ca
7,evelyn@mail.utoronto.ca
7,honda@mail.utoronto.ca
7,akshay@mail.utoronto.ca
